date,price,fast_ma,slow_ma,signal,asset_return,position,gross_strategy_return,trade_flag,transaction_cost,net_strategy_return,equity_asset,equity_strategy_gross,equity_strategy_net
2025-05-01,94235.75331048168,88972.5565722986,85644.00736407485,1,-0.00021861816875057283,1.0,-0.00021861816875057283,1,0.001,-0.0012186181687505728,0.9997813818312494,0.9997813818312494,0.9987813818312494
2025-05-02,96426.94522273028,89621.93942441323,85894.86135276366,1,0.023252235327595905,1.0,0.023252235327595905,0,0.0,0.023252235327595905,1.0230285337977387,1.0230285337977387,1.022005281562411
2025-05-03,96855.5681343944,90199.46296693661,86209.99470496431,1,0.004445053306148639,1.0,0.004445053306148639,0,0.0,0.004445053306148639,1.0275759501641808,1.0275759501641808,1.0265481495181215
2025-05-04,95922.86842404422,90815.56538311155,86449.01789023227,1,-0.009629799590416765,1.0,-0.009629799590416765,0,0.0,-0.009629799590416765,1.0176805997001677,1.0176805997001677,1.0166626965683487
2025-05-05,94326.62048529249,91305.72378280145,86647.71648240868,1,-0.016640952934134923,1.0,-0.016640952934134923,0,0.0,-0.016640952934134923,1.000745424738575,1.000745424738575,0.9997444604848641
2025-05-06,94758.8237105546,91860.84034390017,86890.68060655099,1,0.004581985690131907,1.0,0.004581985690131907,0,0.0,0.004581985690131907,1.0053308259541922,1.0053308259541922,1.0043252752965943
2025-05-07,96854.53198815876,92498.27797222456,87146.26393437527,1,0.022116233565811383,1.0,0.022116233565811383,0,0.0,0.022116233565811383,1.0275649573119052,1.0275649573119052,1.0265371676611017
2025-05-08,97026.493769668,93103.05723190746,87431.19320003098,1,0.0017754644824494736,1.0,0.0017754644824494736,0,0.0,0.0017754644824494736,1.0293893623970223,1.0293893623970223,1.0283597479421982
2025-05-09,103076.27555512934,94035.18350105622,87756.40988923942,1,0.06235185412164812,1.0,0.06235185412164812,0,0.0,0.06235185412164812,1.093573697755578,1.093573697755578,1.0924798849304649
2025-05-10,102962.540456923,94926.97740175146,88130.24382658463,1,-0.0011034071380033872,1.0,-0.0011034071380033872,0,0.0,-0.0011034071380033872,1.0923670407315416,1.0923670407315416,1.0912744348273076
2025-05-11,104630.8792994166,95904.86309429324,88542.67075421654,1,0.016203357406391783,1.0,0.016203357406391783,0,0.0,0.016203357406391783,1.1100670543114772,1.1100670543114772,1.1089567445232726
2025-05-12,103994.061616746,96731.9638255964,88946.68581571295,1,-0.006086326397470643,1.0,-0.006086326397470643,0,0.0,-0.006086326397470643,1.1033108238958589,1.1033108238958589,1.1022072718154274
2025-05-13,102876.8304286011,97196.99705273946,89288.46824130461,1,-0.010743221014506421,1.0,-0.010743221014506421,0,0.0,-0.010743221014506421,1.0914577118670485,1.0914577118670485,1.0903660154905181
2025-05-14,104184.49039270742,97725.94895693823,89625.60345522493,1,0.01271092780228944,1.0,0.01271092780228944,0,0.0,0.01271092780228944,1.1053311520418427,1.1053311520418427,1.1042255791914881
2025-05-15,103594.42575090707,98212.02953304994,89947.08029193696,1,-0.005663651466510822,1.0,-0.005663651466510822,0,0.0,-0.005663651466510822,1.099070941641601,1.099070941641601,1.0979716303705416
2025-05-16,103708.8513642364,98658.81650093998,90282.04020823963,1,0.0011045537682159434,1.0,0.0011045537682159434,0,0.0,0.0011045537682159434,1.1002849245917279,1.1002849245917279,1.0991843990722616
2025-05-17,103556.03493982446,99104.41492937117,90608.61547542963,1,-0.0014735138071796383,1.0,-0.0014735138071796383,0,0.0,-0.0014735138071796383,1.0986636395635103,1.0986636395635103,1.0975647356835923
2025-05-18,103212.36483885496,99574.56628032979,90985.67338910553,1,-0.00331868732874141,1.0,-0.00331868732874141,0,0.0,-0.00331868732874141,1.095017518464342,1.095017518464342,1.0939222615028057
2025-05-19,106030.6376831359,100124.56784174938,91452.70269169121,1,0.027305573791290394,1.0,0.027305573791290394,0,0.0,0.027305573791290394,1.1249176001175258,1.1249176001175258,1.1237924365362058
2025-05-20,105629.41580436694,100693.22065880868,91918.16338554183,1,-0.003784018351072893,1.0,-0.003784018351072893,0,0.0,-0.003784018351072893,1.1206608912752363,1.1206608912752363,1.119539985333556
2025-05-21,106786.71995834044,101320.76899120162,92403.61591162907,1,0.010956267675634068,1.0,0.010956267675634068,0,0.0,0.010956267675634068,1.1329391519736625,1.1329391519736625,1.1318059650864458
2025-05-22,109665.86371625264,101982.71491587773,92892.1814338484,1,0.026961627429285207,1.0,0.026961627429285207,0,0.0,0.026961627429285207,1.1634850352892268,1.1634850352892268,1.1623212958393492
2025-05-23,111560.356938144,102717.95435606522,93472.86012955842,1,0.017275140665404587,1.0,0.017275140665404587,0,0.0,0.017275140665404587,1.1835844029359415,1.1835844029359415,1.1824005597233693
2025-05-24,107216.66856870624,103282.64436329833,93953.91374945501,1,-0.0389357697362529,1.0,-0.0389357697362529,0,0.0,-0.0389357697362529,1.1375006331598072,1.1375006331598072,1.1363628837939637
2025-05-25,107831.36374380375,103957.88152622388,94433.50087125115,1,0.005733205324353063,1.0,0.005733205324353063,0,0.0,0.005733205324353063,1.144022157846294,1.144022157846294,1.1428778855297284
2025-05-26,108861.81037744328,104663.0308595683,94938.81936876451,1,0.009556093866045945,1.0,0.009556093866045945,0,0.0,0.009556093866045945,1.1549545409715096,1.1549545409715096,1.1537993338812786
2025-05-27,109377.71513263127,105289.19001679195,95562.14399977715,1,0.004739079328180074,1.0,0.004739079328180074,0,0.0,0.004739079328180074,1.1604279621616154,1.1604279621616154,1.1592672804533433
2025-05-28,109068.45694901443,105891.28817575928,96159.92729340591,1,-0.00282743320466905,1.0,-0.00282743320466905,0,0.0,-0.00282743320466905,1.1571469296097732,1.1571469296097732,1.155989529651503
2025-05-29,107838.18431100152,106129.38361355287,96790.10917249945,1,-0.011279820696354248,1.0,-0.011279820696354248,0,0.0,-0.011279820696354248,1.144094519724438,1.144094519724438,1.1429501750301712
2025-05-30,105745.41660358038,106268.52742088574,97252.5740986618,1,-0.019406555486743637,1.0,-0.019406555486743637,0,0.0,-0.019406555486743637,1.1218915859453265,1.1218915859453265,1.1207694490398648
2025-05-31,104010.91956242644,106237.52943403623,97740.86534346016,1,-0.016402574190579222,1.0,-0.016402574190579222,0,0.0,-0.016402574190579222,1.1034896759730717,1.1034896759730717,1.1023859450014537
2025-06-01,104687.50742934884,106272.20172466637,98165.82972843839,1,0.006504969572125763,1.0,0.006504969572125763,0,0.0,0.006504969572125763,1.1106678427384313,1.1106678427384313,1.1095569320304273
2025-06-02,105710.00593822816,106413.86050014773,98573.92790152441,1,0.00976714924241917,1.0,0.00976714924241917,0,0.0,0.00976714924241917,1.1215159013172133,1.1215159013172133,1.1203941401785291
2025-06-03,105884.74263221148,106498.87311212292,99019.60635215775,1,0.0016529815927304181,1.0,0.0016529815927304181,0,0.0,0.0016529815927304181,1.1233697464580452,1.1233697464580452,1.1222461310688472
2025-06-04,105434.47745144973,106590.87569715006,99437.82685135685,1,-0.004252408511070782,1.0,-0.004252408511070782,0,0.0,-0.004252408511070782,1.1185927193871277,1.1185927193871277,1.1174738820695738
2025-06-05,104812.9182188067,106646.07903987859,99860.95536596136,1,-0.005895218031779392,1.0,-0.005895218031779392,0,0.0,-0.005895218031779392,1.1119983714175796,1.1119983714175796,1.1108861298899546
2025-06-06,101650.7387545425,106550.81423061449,100211.85455261878,1,-0.030169749282839997,1.0,-0.030169749282839997,0,0.0,-0.030169749282839997,1.078449659348985,1.078449659348985,1.0773709738693902
2025-06-07,104409.74967959142,106610.68347265132,100601.43137469042,1,0.0271420646701952,1.0,0.0271420646701952,0,0.0,0.0271420646701952,1.107721009746585,1.107721009746585,1.1066130465159443
2025-06-08,105681.4546141758,106593.22431920329,101026.38546353087,1,0.012179944291476064,1.0,0.012179944291476064,0,0.0,0.012179944291476064,1.121212989935796,1.121212989935796,1.120091531774729
2025-06-09,105692.24740699006,106596.36589933446,101437.69716281029,1,0.00010212570269452215,1.0,0.00010212570269452215,0,0.0,0.00010212570269452215,1.1213274946002636,1.1213274946002636,1.1202059219094938
2025-06-10,110261.57485948496,106770.10864439169,101941.46535102837,1,0.04323238046873712,1.0,0.04323238046873712,0,0.0,0.04323238046873712,1.169805151476878,1.169805151476878,1.1686350905288174
2025-06-11,110212.73252109604,106797.45208463384,102396.67906163665,1,-0.00044296790111297835,1.0,-0.00044296790111297835,0,0.0,-0.00044296790111297835,1.169286965344217,1.169286965344217,1.1681174226955988
2025-06-12,108679.9760916168,106653.4330423075,102698.75526575418,1,-0.013907253675847775,1.0,-0.013907253675847775,0,0.0,-0.013907253675847775,1.1530253948973128,1.1530253948973128,1.1518721173749937
2025-06-13,105979.22902375912,106591.56106506013,102946.23080005472,1,-0.02485045695612742,1.0,-0.02485045695612742,0,0.0,-0.02485045695612742,1.1243721869520953,1.1243721869520953,1.123247568903203
2025-06-14,106045.56440819205,106502.27109827955,103189.68580364512,1,0.0006259281657734483,1.0,0.0006259281657734483,0,0.0,0.0006259281657734483,1.125075963172721,1.125075963172721,1.1239506411937161
2025-06-15,105482.90611628916,106333.32588522186,103403.88168584218,1,-0.00530581637282912,1.0,-0.00530581637282912,0,0.0,-0.00530581637282912,1.1191065167066427,1.1191065167066427,1.1179871654794187
2025-06-16,105554.49383061715,106142.16482012114,103622.0902350305,1,0.0006786664964375522,1.0,0.0006786664964375522,0,0.0,0.0006786664964375522,1.1198660168054764,1.1198660168054764,1.1187459059120768
2025-06-17,106951.2720181497,106036.3055735779,103884.92891899987,1,0.013232768561933117,1.0,0.013232768561933117,0,0.0,0.013232768561933117,1.134684944626237,1.134684944626237,1.1335500115646215
2025-06-18,104683.42479835715,105878.56759794569,104077.98528587211,1,-0.021204490390798636,1.0,-0.021204490390798636,0,0.0,-0.021204490390798636,1.110624528621326,1.110624528621326,1.1095136612369099
2025-06-19,104722.695052907,105827.43152041202,104287.31199766663,1,0.0003751334523636185,1.0,0.0003751334523636185,0,0.0,0.0003751334523636185,1.1110411610350275,1.1110411610350275,1.1099298769270942
2025-06-20,104690.65002458123,105861.41804351976,104496.40993194863,1,-0.00030599888887106186,1.0,-0.00030599888887106186,0,0.0,-0.00030599888887106186,1.1107011836742609,1.1107011836742609,1.1095902396180297
2025-06-21,103290.105144757,105791.54792929017,104633.67313038916,1,-0.013377936611296048,1.0,-0.013377936611296048,0,0.0,-0.013377936611296048,1.0958422936449752,1.0958422936449752,1.094746211727907
2025-06-22,101532.5683847329,105582.67605161542,104727.21313539593,1,-0.017015538492878735,1.0,-0.017015538492878735,0,0.0,-0.017015538492878735,1.0771959469153347,1.0771959469153347,1.0761185154223176
2025-06-23,100852.58264648831,105331.06805232924,104825.80741984482,1,-0.006697217937676414,1.0,-0.006697217937676414,0,0.0,-0.006697217937676414,1.069981730897261,1.069981730897261,1.0689115151977655
2025-06-24,105511.62437933136,105334.92539872334,105049.50749772559,1,0.046196553529760154,1.0,0.046196553529760154,0,0.0,0.046196553529760154,1.1194111992045217,1.1194111992045217,1.1182915432281761
2025-06-25,105976.06929808448,105393.08295268721,105273.8524094762,1,0.0044018364941795785,1.0,0.0044018364941795785,0,0.0,0.0044018364941795785,1.1243386642731734,1.1243386642731734,1.1232140797542904
2025-06-26,107238.53045016268,105672.47253746822,105481.53237871626,1,0.011912700295830136,1.0,0.011912700295830136,0,0.0,0.011912700295830136,1.1377325738116737,1.1377325738116737,1.13659459245446
2025-06-27,106984.01253775664,105801.18568037648,105680.68275407804,1,-0.002373381202983915,1.0,-0.002373381202983915,0,0.0,-0.002373381202983915,1.1350323007069665,1.1350323007069665,1.1338970202133154
2025-06-28,107078.91560644074,105871.05872998973,105760.73555510427,1,0.0008870771102420516,1.0,0.0008870771102420516,0,0.0,0.0008870771102420516,1.136039161880309,1.136039161880309,1.1349028743053182
2025-06-29,107331.58548463575,105953.02563387202,105848.11645565853,1,0.002359660412734055,1.0,0.002359660412734055,0,0.0,0.002359660412734055,1.1387198285179134,1.1387198285179134,1.1375808596901145
2025-06-30,108396.61631317894,105859.77770655672,105923.43119593376,0,0.009922809056944759,1.0,0.009922809056944759,0,0.0,0.009922809056944759,1.1500191279456535,1.1500191279456535,1.1488688573476546
2025-07-01,107132.79910701896,105705.78103585285,105986.20594573923,0,-0.011659194254814764,0.0,-0.0,1,0.001,-0.001,1.1366108315361825,1.1500191279456535,1.147719988490307
2025-07-02,105613.39974163056,105552.45221835354,106040.93733199983,0,-0.01418239211570127,0.0,-0.0,0,0.0,-0.0,1.120490971040383,1.1500191279456535,1.147719988490307
2025-07-03,108824.44423167944,105694.71297874957,106133.73640877927,0,0.03040376029844971,0.0,0.0,0,0.0,0.0,1.154558109940472,1.1500191279456535,1.147719988490307
2025-07-04,109602.20483914016,105872.54500029697,106253.89199054394,0,0.007146929285528181,0.0,0.0,0,0.0,0.0,1.1628096551082496,1.1500191279456535,1.147719988490307
2025-07-05,108040.8919400104,106000.44429148303,106340.53280205939,0,-0.014245269074844358,0.0,-0.0,0,0.0,-0.0,1.1462451186884057,1.1500191279456535,1.147719988490307
2025-07-06,108217.46849992426,106133.59302494838,106433.7614732614,0,0.0016343493351749228,0.0,0.0,0,0.0,0.0,1.1481184836360816,1.1500191279456535,1.147719988490307
2025-07-07,109215.19771840284,106246.78930996105,106553.81813085236,0,0.009219668804942183,0.0,0.0,0,0.0,0.0,1.1587037558040387,1.1500191279456535,1.147719988490307
2025-07-08,108300.71675785031,106427.65390793569,106599.21971234666,0,-0.0083732024448685,0.0,-0.0,0,0.0,-0.0,1.1490016946830621,1.1500191279456535,1.147719988490307
2025-07-09,108953.19187727802,106639.17874915425,106665.69523380486,0,0.006024661137622678,0.0,0.0,0,0.0,0.0,1.1559240405400817,1.1500191279456535,1.147719988490307
2025-07-10,111327.53054245668,106971.02277504801,106756.51144548718,1,0.021792281843867833,0.0,0.0,0,0.0,0.0,1.1811142630216336,1.1500191279456535,1.147719988490307
2025-07-11,115879.65030112496,107600.50003286642,106880.78717718464,1,0.04088943441471793,1.0,0.04088943441471793,1,0.001,0.03988943441471793,1.2294093572157445,1.1970427596534585,1.1935018896976521
2025-07-12,117571.02510036016,108402.42286864777,107001.00054042897,1,0.01459596050592138,1.0,0.01459596050592138,0,0.0,0.01459596050592138,1.2473537676392756,1.2145147484972596,1.2109221961434216
2025-07-13,117418.95745007684,109230.74160882721,107205.04631805638,1,-0.0012934109416288253,1.0,-0.0012934109416288253,0,0.0,-0.0012934109416288253,1.2457404266281291,1.2129438818327836,1.2093559761254684
2025-07-14,119117.55666327637,109911.03822302446,107430.77017644582,1,0.014466141158864687,1.0,0.014466141158864687,0,0.0,0.014466141158864687,1.2637614834870359,1.230490499245158,1.2268506903874161
2025-07-15,119833.67446712356,110603.91848147642,107650.20745823944,1,0.006011857730355619,1.0,0.006011857730355619,0,0.0,0.006011857730355619,1.271359037730863,1.237888033065174,1.2342263421944137
2025-07-16,117678.19493404306,111125.90170567045,107816.21705426768,1,-0.017987260614893863,1.0,-0.017987260614893863,0,0.0,-0.017987260614893863,1.2484907713840974,1.2156218184023724,1.2120259913195957
2025-07-17,118748.1627367753,111714.10921562134,108009.81117002289,1,0.009092319977646923,1.0,0.009092319977646923,0,0.0,0.009092319977646923,1.2598424489666609,1.2266746409470957,1.2230461194538982
2025-07-18,119445.36520434044,112332.43169551637,108241.95478788967,1,0.005871269512696564,1.0,0.005871269512696564,0,0.0,0.005871269512696564,1.2672393235280799,1.2338767783684863,1.2302269528476697
2025-07-19,117988.94664455787,112865.29975351245,108486.82538870921,1,-0.01219317766989969,1.0,-0.01219317766989969,0,0.0,-0.01219317766989969,1.2517876493060185,1.218831899587076,1.2152265770372987
2025-07-20,117901.62655900871,113340.55026580396,108764.63952864084,1,-0.0007400700492072865,1.0,-0.0007400700492072865,0,0.0,-0.0007400700492072865,1.2508612387587996,1.2179298786031731,1.2143272242446328
2025-07-21,117256.9208222684,113846.75635156641,109016.02779649924,1,-0.00546816660258409,1.0,-0.00546816660258409,0,0.0,-0.00546816660258409,1.2440213211085518,1.211270035116706,1.2076870806724096
2025-07-22,117482.46977767294,114440.20985336853,109251.47707328814,1,0.0019235449287162698,1.0,0.0019235449287162698,0,0.0,0.0019235449287162698,1.246414252011985,1.2135999674500608,1.2100101210319132
2025-07-23,119955.79570607652,114996.7774270884,109532.89813476543,1,0.021052723296370646,1.0,0.021052723296370646,0,0.0,0.021052723296370646,1.272654666372246,1.2391495517572715,1.235484129295806
2025-07-24,118629.05588130427,115448.1199791966,109796.78970336253,1,-0.011060239457067245,1.0,-0.011060239457067245,0,0.0,-0.011060239457067245,1.2585788010160148,1.2254442609917184,1.2218193789803882
2025-07-25,118354.43517438594,115963.79714091538,110067.62004247413,1,-0.0023149531527343337,1.0,-0.0023149531527343337,0,0.0,-0.0023149531527343337,1.2556652500526382,1.2226074149362354,1.2189909243569457
2025-07-26,117540.8083708574,116429.96413446203,110385.42143480042,1,-0.006874493569503648,1.0,-0.006874493569503648,0,0.0,-0.006874493569503648,1.2470331873657021,1.2142026081242288,1.2106109790861705
2025-07-27,117959.54234360624,116867.18136572221,110656.41728808072,1,0.003562456125260516,1.0,0.003562456125260516,0,0.0,0.003562456125260516,1.2514756883824363,1.2185281516428481,1.2149237275839238
2025-07-28,119418.91405141471,117423.09123040042,110931.1664768255,1,0.012371798659216893,1.0,0.012371798659216893,0,0.0,0.012371798659216893,1.2669586936260087,1.233603536595561,1.2299545193278973
2025-07-29,118003.30201607826,117875.59673734044,111177.38756900726,1,-0.011854169388334723,1.0,-0.011854169388334723,0,0.0,-0.011854169388334723,1.2519399506637428,1.2189801913147085,1.2153744301158367
2025-07-30,117853.30892863822,118201.88565664952,111329.22225039033,1,-0.0012710922904479727,1.0,-0.0012710922904479727,0,0.0,-0.0012710922904479727,1.2503486194443503,1.2174307549913195,1.2138295770477088
2025-07-31,117833.24087995924,118299.56518559123,111481.6324175676,1,-0.00017027989168405533,1.0,-0.00017027989168405533,0,0.0,-0.00017027989168405533,1.250135710216864,1.2172234510142268,1.213622886278806
2025-08-01,115700.00243915782,118206.01405253113,111622.0329445184,1,-0.01810387650268075,1.0,-0.01810387650268075,0,0.0,-0.01810387650268075,1.2275034077075069,1.1951869879808983,1.1916516074247876
2025-08-02,113234.6051343189,117996.7964367432,111767.1404667296,1,-0.02130853286831491,1.0,-0.02130853286831491,0,0.0,-0.02130853286831491,1.2013471109984029,1.169719306763725,1.1662592599803963
2025-08-03,112554.90232221724,117668.66371969024,111897.3272250101,1,-0.006002606811719824,1.0,-0.006002606811719824,0,0.0,-0.006002606811719824,1.194135896646684,1.1626979416851448,1.1592586642022067
2025-08-04,114199.10966460756,117386.93547956445,112071.65129597647,1,0.014608047348158681,1.0,0.014608047348158681,0,0.0,0.014608047348158681,1.2115798903650346,1.179682688268888,1.1761931696576358
2025-08-05,115138.68613070175,117259.96003939738,112263.33514197817,1,0.00822752882096589,1.0,0.00822752882096589,0,0.0,0.00822752882096589,1.2215481988319157,1.1893885615862148,1.185870332860017
2025-08-06,114128.35408881678,117028.96960699947,112406.8767833915,1,-0.00877491376563111,1.0,-0.00877491376563111,0,0.0,-0.00877491376563111,1.2108292187266037,1.1789517795244677,1.1754644229519502
2025-08-07,115022.09576830892,116807.80613519787,112613.65020279055,1,0.007831022243575125,1.0,0.007831022243575125,0,0.0,0.007831022243575125,1.2203112492716224,1.1881841771340262,1.1846695109946181
2025-08-08,117463.47451085236,116781.53252851262,112868.46579194945,1,0.021225302201597573,1.0,0.021225302201597573,0,0.0,0.021225302201597573,1.2462127243174217,1.2134037453648525,1.2098144793744978
2025-08-09,116688.36663186055,116720.8695321552,113108.42012409505,1,-0.006598714044681153,1.0,-0.006598714044681153,0,0.0,-0.006598714044681153,1.2379893229108079,1.2053968410284448,1.2018312595779908
2025-08-10,116510.08393213755,116683.52768764866,113372.81969984266,1,-0.0015278532459491734,1.0,-0.0015278532459491734,0,0.0,-0.0015278532459491734,1.2360978569053482,1.2035551715522226,1.1999950377869613
2025-08-11,119266.92516880557,116772.7504572053,113727.50683552411,1,0.02366182517106208,1.0,0.02366182517106208,0,0.0,0.02366182517106208,1.2653461882897672,1.232033483605219,1.2283891105772184
2025-08-12,118773.79960860992,116713.65065233195,114085.93117476653,1,-0.004134637993707835,1.0,-0.004134637993707835,0,0.0,-0.004134637993707835,1.260114439864471,1.2269394711543846,1.223310166289569
2025-08-13,120202.53485503166,116792.32460101834,114379.74938428054,1,0.012029043872721079,1.0,0.012029043872721079,0,0.0,0.012029043872721079,1.2752724117462502,1.241698379882074,1.2380254179498118
2025-08-14,123560.99363577303,117052.65252408767,114731.44787103431,1,0.027939999641370283,1.0,0.027939999641370283,0,0.0,0.027939999641370283,1.3109035224730898,1.2763914321706693,1.272615847683337
2025-08-15,118405.59579823952,117095.89189545678,114954.78917799584,1,-0.041723505823612395,1.0,-0.041723505823612395,0,0.0,-0.041723505823612395,1.2562080317189899,1.2231359068172873,1.2195178529512998
2025-08-16,117339.79190213275,117064.9043733831,115161.90476528337,1,-0.009001296677927928,1.0,-0.009001296677927928,0,0.0,-0.009001296677927928,1.2449005305362912,1.2121260976425985,1.2085406109528554
2025-08-17,117501.21653394958,116969.01949750986,115370.35078383355,1,0.0013757023870595297,1.0,0.0013757023870595297,0,0.0,0.0013757023870595297,1.2466131431678016,1.2137936224085426,1.2102032031562016
2025-08-18,117542.83687778088,116945.99624059498,115574.57581169644,1,0.0003542120248538616,1.0,0.0003542120248538616,0,0.0,0.0003542120248538616,1.2470547085334525,1.2142235627052906,1.2106318716832762
2025-08-19,116256.41276740946,116866.15143253354,115731.77174078107,1,-0.010944300346511282,1.0,-0.010944300346511282,0,0.0,-0.010944300346511282,1.2334065672547312,1.200934735347233,1.1973823528705154
2025-08-20,112778.34483555844,116613.40663031352,115844.68265535185,1,-0.029917213588978364,1.0,-0.029917213588978364,0,0.0,-0.029917213588978364,1.1965064795401228,1.1650061143634267,1.1615600092720149
2025-08-21,114252.39755195397,116541.02638595333,116017.46261155831,1,0.01307035245591548,1.0,0.01307035245591548,0,0.0,0.01307035245591548,1.2121452409434987,1.1802331548914533,1.1767420079918967
2025-08-22,112414.39987336512,116500.01612290562,116089.26172439202,1,-0.016087169442138394,1.0,-0.016087169442138394,0,0.0,-0.016087169442138394,1.192645255063959,1.1612465441474848,1.1578115599196488
2025-08-23,116834.24948202296,116713.98348089591,116233.90261724968,1,0.03931746834601979,1.0,0.03931746834601979,0,0.0,0.03931746834601979,1.239537047127967,1.2069038183889285,1.2033337792774454
2025-08-24,115359.98346714744,116772.02717102291,116380.28444779244,1,-0.012618440409482568,1.0,-0.012618440409482568,0,0.0,-0.012618440409482568,1.2238960227634368,1.1916745744766108,1.1881495836909155
2025-08-25,113399.54847314973,116685.0702881453,116483.92604725694,1,-0.016994064450052693,1.0,-0.016994064450052693,0,0.0,-0.016994064450052693,1.2030970548724318,1.171423179954466,1.1679580930893687
2025-08-26,110185.35443900424,116487.92030565468,116503.32918166896,0,-0.02834397559269408,1.0,-0.02834397559269408,0,0.0,-0.02834397559269408,1.1689965013134855,1.1382203899331207,1.134853517405554
2025-08-27,111842.70999260596,116328.95101686954,116574.16904636407,0,0.015041523095695952,0.0,0.0,1,0.001,-0.001,1.18657998918678,1.1382203899331207,1.1337186638881485
2025-08-28,111216.08479629167,116016.58153114149,116619.42690474435,0,-0.00560273616720941,0.0,-0.0,0,0.0,-0.0,1.1799318945660764,1.1382203899331207,1.1337186638881485
2025-08-29,112525.59740669793,115808.44306988336,116643.38824202918,0,0.011774489389774878,0.0,0.0,0,0.0,0.0,1.1938249901393017,1.1382203899331207,1.1337186638881485
2025-08-30,108480.30666639366,115406.95420659617,116495.40136933455,0,-0.03594996012936935,0.0,-0.0,0,0.0,-0.0,1.150907029342349,1.1382203899331207,1.1337186638881485
2025-08-31,108781.95727925688,114882.70581211874,116319.62001291248,0,0.002780694691349561,0.0,0.0,0,0.0,0.0,1.154107350409078,1.1382203899331207,1.1337186638881485
2025-09-01,108253.36092385623,114356.68387788106,116136.30808238806,0,-0.004859228208623501,0.0,-0.0,0,0.0,-0.0,1.1484992794161903,1.1382203899331207,1.1337186638881485
2025-09-02,109162.68557992298,113804.69141412561,115937.210660721,0,0.008399966969213635,0.0,0.0,0,0.0,0.0,1.158146635427452,1.1382203899331207,1.1337186638881485
2025-09-03,111190.18209845416,113186.15083725969,115764.3408133476,0,0.01857316451826163,0.0,0.0,0,0.0,0.0,1.1796570834235174,1.1382203899331207,1.1337186638881485
2025-09-04,111711.51977725116,112851.44703621026,115645.00731021177,0,0.004688702446187021,0.0,0.0,0,0.0,0.0,1.1851881444762271,1.1382203899331207,1.1337186638881485
2025-09-05,110724.736377486,112520.69425997793,115484.53878302599,0,-0.008833318190753947,0.0,-0.0,0,0.0,-0.0,1.1747190004801593,1.1382203899331207,1.1337186638881485
2025-09-06,110662.18112628513,112178.7424895947,115308.87510146489,0,-0.0005649618436445181,0.0,-0.0,0,0.0,-0.0,1.174055329067884,1.1382203899331207,1.1337186638881485
2025-09-07,110209.1888247784,111812.06008694458,115153.27994506928,0,-0.00409346984576231,0.0,-0.0,0,0.0,-0.0,1.1692493689810879,1.1382203899331207,1.1337186638881485
2025-09-08,111131.9923868407,111555.83906791612,115017.88726162593,0,0.008373199838440648,0.0,0.0,0,0.0,0.0,1.1790397276085371,1.1382203899331207,1.1337186638881485
2025-09-09,112025.12878118773,111518.1782651976,114913.25142080434,0,0.008036717196953536,0.0,0.0,0,0.0,0.0,1.1885153364633,1.1382203899331207,1.1337186638881485
2025-09-10,111547.43956434788,111382.9303658173,114794.55081653781,0,-0.004264125576439959,0.0,-0.0,0,0.0,-0.0,1.1834473578190958,1.1382203899331207,1.1337186638881485
2025-09-11,113975.32489468766,111460.97661688345,114674.94140031004,0,0.021765495826905124,0.0,0.0,0,0.0,0.0,1.2092056763470693,1.1382203899331207,1.1337186638881485
2025-09-12,115503.16663193036,111394.42247437879,114612.42361532258,0,0.013405021996247157,0.0,0.0,0,0.0,0.0,1.2254151050364888,1.1382203899331207,1.1337186638881485
2025-09-13,116160.14344594492,111434.43047331864,114568.53778075374,0,0.005687954998741418,0.0,0.0,0,0.0,0.0,1.2323852110087143,1.1382203899331207,1.1337186638881485
2025-09-14,115970.58488443034,111562.98229388271,114537.1333110252,0,-0.0016318726534871875,0.0,-0.0,0,0.0,-0.0,1.2303741152843073,1.1382203899331207,1.1337186638881485
2025-09-15,115373.55555886828,111822.39234987591,114485.41357533046,0,-0.005148109981139015,0.0,-0.0,0,0.0,-0.0,1.2240400140208771,1.1382203899331207,1.1337186638881485
2025-09-16,115397.25272727507,112000.11948660936,114404.98034884763,0,0.00020539514702488937,0.0,0.0,0,0.0,0.0,1.2242914258995212,1.1382203899331207,1.1337186638881485
2025-09-17,116762.8496864193,112277.45773111575,114380.17130225449,0,0.011833877556614025,0.0,0.0,0,0.0,0.0,1.2387795407272286,1.1382203899331207,1.1337186638881485
2025-09-18,116455.9464822532,112473.97518489351,114352.22405332678,0,-0.002628431945523091,0.0,-0.0,0,0.0,-0.0,1.2355234930089207,1.1382203899331207,1.1337186638881485
2025-09-19,117145.49508952006,112907.23460604981,114338.46913751798,0,0.005921111184922889,0.0,0.0,0,0.0,0.0,1.242839164982611,1.1382203899331207,1.1337186638881485
2025-09-20,115655.81046441344,113250.92726530763,114337.58529802311,0,-0.012716533606078717,0.0,-0.0,0,0.0,-0.0,1.2270345589741587,1.1382203899331207,1.1337186638881485
2025-09-21,115715.51536781774,113624.03498750573,114387.20350269307,0,0.0005162291731350965,0.0,0.0,0,0.0,0.0,1.227667990009946,1.1382203899331207,1.1337186638881485
2025-09-22,115304.47999407038,113931.1247082131,114442.19505613013,0,-0.0035521198038208635,0.0,-0.0,0,0.0,-0.0,1.2233071662301147,1.1382203899331207,1.1337186638881485
2025-09-23,112696.74101711863,114006.45265414631,114412.14768318036,0,-0.022616111508294012,0.0,-0.0,0,0.0,-0.0,1.1956407149497592,1.1382203899331207,1.1337186638881485
2025-09-24,112022.16587861197,114021.98495921437,114349.81727813857,0,-0.0059857555100391036,0.0,-0.0,0,0.0,-0.0,1.1884839019522215,1.1382203899331207,1.1337186638881485
2025-09-25,113320.56908541008,114151.77659461056,114333.66157807043,0,0.011590591885226376,0.0,0.0,0,0.0,0.0,1.202259133821911,1.1382203899331207,1.1337186638881485
2025-09-26,108963.53013595636,114066.84404509413,114212.49026542337,0,-0.038448791641434554,0.0,-0.0,0,0.0,-0.0,1.156033722886581,1.1382203899331207,1.1337186638881485
2025-09-27,109710.20874667744,114041.89504118907,114057.42495013987,0,0.0068525552521052635,0.0,0.0,0,0.0,0.0,1.1639555078459582,1.1382203899331207,1.1337186638881485
2025-09-28,109654.81021075726,113968.03593238493,113916.7538217178,1,-0.0005049533361849434,0.0,-0.0,0,0.0,-0.0,1.1633677646291005,1.1382203899331207,1.1337186638881485
2025-09-29,112142.57362752674,113973.90817470188,113829.40361562559,1,0.022687225594463012,1.0,0.022687225594463012,1,0.001,0.02168722559446301,1.189761351554567,1.164043452695751,1.158305876312544
2025-09-30,114309.15041119448,114111.99371704417,113730.24812047338,1,0.019319841819074535,1.0,0.019319841819074535,0,0.0,0.019319841819074535,1.2127473526690495,1.1865325880723623,1.180684162621007
2025-10-01,114024.22783550054,114114.43886408482,113635.2566850112,1,-0.002492561397482329,1.0,-0.002492561397482329,0,0.0,-0.002492561397482329,1.2097245054328878,1.1835750827464784,1.177741234854639
2025-10-02,118503.24451752484,114264.44275836456,113601.27087826107,1,0.03928127177047025,1.0,0.03928127177047025,0,0.0,0.03928127177047025,1.2572440224981947,1.2300674172325996,1.2240044083762533
2025-10-03,120611.71911591051,114487.02154186284,113542.2853878638,1,0.017792547427457617,1.0,0.017792547427457617,0,0.0,0.017792547427457617,1.2796135963963813,1.251953450092681,1.245782564863705
2025-10-04,122250.15186842805,114800.9998910627,113619.17650926758,1,0.013584357842897132,1.0,0.013584357842897132,0,0.0,0.013584357842897132,1.2969963253904662,1.2689604337613896,1.2627057210192558
2025-10-05,122380.93708463266,115151.36896735092,113719.99941291758,1,0.0010698163904563351,1.0,0.0010698163904563351,0,0.0,0.0010698163904563351,1.2983838733177304,1.2703179884322682,1.2640565842959253
2025-10-06,123506.18520027678,115556.81559100102,113840.09878624411,1,0.009194635557218778,1.0,0.009194635557218778,0,0.0,0.009194635557218778,1.3103220398462572,1.281998099377682,1.2756791239122292
2025-10-07,124773.50823074432,115957.34851821726,113984.71221330338,1,0.010261211034997553,1.0,0.010261211034997553,0,0.0,0.010261211034997553,1.323767530820928,1.2951529524218621,1.2887691366156333
2025-10-08,121518.75593575073,116210.48899089215,114089.9590766702,1,-0.026085283175452334,1.0,-0.026085283175452334,0,0.0,-0.026085283175452334,1.2892366799209949,1.2613685209024148,1.2551512287392312
2025-10-09,123352.50487523204,116520.83948017776,114301.44227746368,1,0.015090254383865354,1.0,0.015090254383865354,0,0.0,0.015090254383865354,1.3086915893820128,1.2804028927546323,1.2740917800711273
2025-10-10,121698.03066778315,116822.95049034625,114450.35493978027,1,-0.013412570819882008,1.0,-0.013412570819882008,0,0.0,-0.013412570819882008,1.2911386707580426,1.263229398277579,1.2570029338398938
2025-10-11,113201.74064138904,116697.2617540248,114466.10175514074,1,-0.06981452353643813,1.0,-0.06981452353643813,0,0.0,-0.06981452353643813,1.2009984396395998,1.1750376397196085,1.1692458729299569
2025-10-12,110853.11663883904,116474.69358626322,114346.47909827708,1,-0.02074724283604601,1.0,-0.02074724283604601,0,0.0,-0.02074724283604601,1.1760810333666847,1.1506588484668514,1.1449872448692344
2025-10-13,115189.5714637257,116599.3351085936,114343.07085820864,1,0.03911892562312791,1.0,0.03911892562312791,0,0.0,0.03911892562312791,1.2220880598377275,1.1956713863776203,1.1897779157407042
2025-10-14,115222.28302116522,116759.34096572125,114379.52554916895,1,0.000283980199108802,1.0,0.000283980199108802,0,0.0,0.000283980199108802,1.2224351086482887,1.1960109333759925,1.1901157891101115
2025-10-15,113156.56943826911,116751.14098336422,114438.94984915425,1,-0.017928073708769143,1.0,-0.017928073708769143,0,0.0,-0.017928073708769143,1.200519201916255,1.174568761205934,1.1687793055209754
2025-10-16,110708.66960879424,116838.39795700609,114416.269041478,1,-0.02163285650693303,1.0,-0.02163285650693303,0,0.0,-0.02163285650693303,1.174548542287383,1.1491594837372399,1.1434952705163672
2025-10-17,108076.72862033188,116756.72395068881,114353.4819179588,1,-0.023773576159506926,1.0,-0.023773576159506926,0,0.0,-0.023773576159506926,1.146625323064276,1.1218398532311928,1.1163102986147104
2025-10-18,106443.61194984637,116596.16403764328,114231.84220882178,1,-0.015110715242155126,1.0,-0.015110715242155126,0,0.0,-0.015110715242155126,1.1292989943180076,1.1048880506617151,1.0994420515704584
2025-10-19,107156.00337647724,116346.83552509078,114205.35614302344,1,0.0066926649103802305,1.0,0.0066926649103802305,0,0.0,0.0066926649103802305,1.1368570140706074,1.1122826961482772,1.1068002488100004
2025-10-20,108621.134857428,116062.43474740248,114202.13969458688,1,0.013672882851026413,1.0,0.013672882851026413,0,0.0,0.013672882851026413,1.1524011268423624,1.1274908071499365,1.1219333989514664
2025-10-21,110608.5714932665,115891.65193029077,114249.24390597508,1,0.01829696070149822,1.0,0.01829696070149822,0,0.0,0.01829696070149822,1.1734865649725594,1.1481204621396595,1.1424613702617796
2025-10-22,108486.1026271664,115390.79483577286,114235.71224691994,1,-0.019189008929830664,1.0,-0.019189008929830664,0,0.0,-0.019189008929830664,1.1509685207982647,1.1260891683391403,1.1205386688258399
2025-10-23,107618.4266715404,114741.13021355434,114164.27713838167,1,-0.007998037855668438,1.0,-0.007998037855668438,0,0.0,-0.007998037855668438,1.1417630309982374,1.1170826645419056,1.1115765581338304
2025-10-24,110048.51827291628,114131.04853377875,114131.01710829498,1,0.022580627468125947,1.0,0.022580627468125947,0,0.0,0.022580627468125947,1.167544756658087,1.1423070920410279,1.1366766542953521
2025-10-25,110997.80437129698,113561.89189811198,114136.47846817119,0,0.008626068876516069,1.0,0.008626068876516069,0,0.0,0.008626068876516069,1.1776160781454348,1.1521607116951065,1.1464817054056318
2025-10-26,111620.3093731354,112967.59810675491,114155.6410331082,0,0.005608264103640126,0.0,0.0,1,0.001,-0.001,1.1842204601243673,1.1521607116951065,1.1453352237002261
2025-10-27,114476.01227508576,112452.723308972,114240.97750211434,0,0.025584079796840742,0.0,0.0,0,0.0,0.0,1.2145176508732407,1.1521607116951065,1.1453352237002261
2025-10-28,114182.79442806762,112085.92523358781,114301.99354293889,0,-0.0025613911699993164,0.0,-0.0,0,0.0,-0.0,1.2114067960864856,1.1521607116951065,1.1453352237002261
2025-10-29,112950.34863259472,111565.81742145595,114320.49793996701,0,-0.010793620892237898,0.0,-0.0,0,0.0,-0.0,1.1983313303832475,1.1521607116951065,1.1453352237002261
2025-10-30,110046.66925837284,110983.24935098544,114290.48253384752,0,-0.025707573366302472,0.0,-0.0,0,0.0,-0.0,1.1675251397902813,1.1521607116951065,1.1453352237002261
2025-10-31,108240.76528725718,110735.20058327883,114175.79134169892,0,-0.01641034647650874,0.0,-0.0,0,0.0,-0.0,1.1483656477262885,1.1521607116951065,1.1453352237002261
2025-11-01,109573.90555629117,110671.24002915146,114057.20612018614,0,0.01231643425188289,0.0,0.0,0,0.0,0.0,1.1625094177236301,1.1521607116951065,1.1453352237002261
2025-11-02,110014.13556776088,110412.4682343532,113934.28596262244,0,0.004017653740046256,0.0,0.0,0,0.0,0.0,1.1671799780335865,1.1521607116951065,1.1453352237002261
2025-11-03,110650.2092823146,110183.86454741067,113827.87845058014,0,0.005781745330007526,0.0,0.0,0,0.0,0.0,1.1739283154208604,1.1521607116951065,1.1453352237002261
2025-11-04,106521.0867382576,109852.09041241009,113650.82907416791,0,-0.03731689773420932,0.0,-0.0,0,0.0,-0.0,1.1301209525270075,1.1521607116951065,1.1453352237002261
2025-11-05,101635.2740227234,109398.42063310657,113375.58950007688,0,-0.04586709416079804,0.0,-0.0,0,0.0,-0.0,1.0782855883843605,1.1521607116951065,1.1453352237002261
2025-11-06,103877.9596595516,109188.48218506754,113117.89169953954,0,0.022066016532082955,0.0,0.0,0,0.0,0.0,1.1020790560039566,1.1521607116951065,1.1453352237002261
2025-11-07,101322.6402945857,108932.43360230452,112815.22557578617,0,-0.024599244857529734,0.0,-0.0,0,0.0,-0.0,1.07496874345296,1.1521607116951065,1.1453352237002261
2025-11-08,103396.084215925,108744.43764427691,112540.23735831428,0,0.020463777052305065,0.0,0.0,0,0.0,0.0,1.0969666641571778,1.1521607116951065,1.1453352237002261
2025-11-09,102290.13714655169,108427.8877587331,112272.92389195705,0,-0.010696218118509515,0.0,-0.0,0,0.0,-0.0,1.0852332694486189,1.1521607116951065,1.1453352237002261
2025-11-10,104709.67861656273,108132.94311489789,112052.80715693194,0,0.023653712249349645,0.0,0.0,0,0.0,0.0,1.1109030649275775,1.1521607116951065,1.1453352237002261
2025-11-11,105909.07272321742,108004.09161970046,111864.89901151489,0,0.01145447223696272,0.0,0.0,0,0.0,0.0,1.1236278732427472,1.1521607116951065,1.1453352237002261
2025-11-12,102960.77564500563,107771.2090683737,111670.17970407262,0,-0.027838002943495366,0.0,-0.0,0,0.0,-0.0,1.0923483172000221,1.1521607116951065,1.1453352237002261
2025-11-13,101521.70859453591,107344.86858445469,111460.1705583911,0,-0.013976847410623883,0.0,-0.0,0,0.0,-0.0,1.0770807314512656,1.1521607116951065,1.1453352237002261
2025-11-14,99730.4533956204,106781.50103567087,111188.36824459532,0,-0.017644060799543393,0.0,-0.0,0,0.0,-0.0,1.0580766535395227,1.1521607116951065,1.1453352237002261
2025-11-15,94456.39368235336,105923.30525113177,110898.22551552326,0,-0.052883141845805004,0.0,-0.0,0,0.0,-0.0,1.0021222357866575,1.1521607116951065,1.1453352237002261
2025-11-16,95508.31019889197,104974.92014732207,110614.18754456755,0,0.011136530578079062,0.0,0.0,0,0.0,0.0,1.0132824007084686,1.1521607116951065,1.1453352237002261
2025-11-17,94411.32947182968,103986.34689951017,110309.317929789,0,-0.01148570972282803,0.0,-0.0,0,0.0,-0.0,1.0016441331866808,1.1521607116951065,1.1453352237002261
2025-11-18,92036.7255045672,102940.66574310881,109907.2009673298,0,-0.02515168444875049,0.0,-0.0,0,0.0,-0.0,0.9764510960188272,1.1521607116951065,1.1453352237002261
2025-11-19,92819.759215009,102079.32024094061,109477.41314340608,0,0.008507839736246803,0.0,0.0,0,0.0,0.0,0.9847585854540379,1.1521607116951065,1.1453352237002261
2025-11-20,91363.27838693369,101235.44589592444,109024.19415443475,0,-0.015691495435810277,0.0,-0.0,0,0.0,-0.0,0.969306250605011,1.1521607116951065,1.1453352237002261
2025-11-21,86649.97257918229,100089.24924706899,108387.12871566789,0,-0.05158862390850316,0.0,-0.0,0,0.0,-0.0,0.9193010749903877,1.1521607116951065,1.1453352237002261
2025-11-22,85051.8019295002,98841.13256515596,107675.93037193968,0,-0.018443983328692348,0.0,-0.0,0,0.0,-0.0,0.9023455012892161,1.1521607116951065,1.1453352237002261
2025-11-23,84682.62429147748,97542.7533156141,106924.57982040069,0,-0.004340621005640033,0.0,-0.0,0,0.0,-0.0,0.8984287614519754,1.1521607116951065,1.1453352237002261
2025-11-24,86783.84766839583,96555.89136212101,106212.63803207595,0,0.024812922302525076,0.0,0.0,0,0.0,0.0,0.9207214045042371,1.1521607116951065,1.1453352237002261
2025-11-25,88229.35740719768,95885.59553134473,105507.10147621436,0,0.016656437547286407,0.0,0.0,0,0.0,0.0,0.9360573430768118,1.1521607116951065,1.1453352237002261
2025-11-26,87310.33159950442,95057.21412834237,104757.83794358958,0,-0.010416326659297148,0.0,-0.0,0,0.0,-0.0,0.9263070640194899,1.1521607116951065,1.1453352237002261
2025-11-27,90474.22677969698,94514.79345259794,104136.94736046849,0,0.03623735155085028,0.0,0.0,0,0.0,0.0,0.9598739787424002,1.1521607116951065,1.1453352237002261
2025-11-28,91279.06057176425,93908.94227038989,103495.47847439913,0,0.008895724458933607,0.0,0.0,0,0.0,0.0,0.9684127531725929,1.1521607116951065,1.1453352237002261
2025-11-29,90950.37695910994,93341.9542610178,102880.52540022567,0,-0.0036008654185906153,0.0,-0.0,0,0.0,-0.0,0.9649256291787716,1.1521607116951065,1.1453352237002261
2025-11-30,90841.45258193676,92648.5429592865,102433.31963903662,0,-0.0011976242519825542,0.0,-0.0,0,0.0,-0.0,0.9637700108439076,1.1521607116951065,1.1453352237002261
2025-12-01,90406.28448571144,91873.4035474112,102024.38299597407,0,-0.00479041322938778,0.0,-0.0,0,0.0,-0.0,0.9591531542338737,1.1521607116951065,1.1453352237002261
2025-12-02,86281.49519776918,91039.43952504938,101446.22147065494,0,-0.04562502829760884,0.0,-0.0,0,0.0,-0.0,0.9153917644302124,1.1521607116951065,1.1453352237002261
2025-12-03,91344.73275150164,90530.59073289768,100968.67046526168,0,0.05868277481894357,0.0,0.0,0,0.0,0.0,0.969109493213386,1.1521607116951065,1.1453352237002261
2025-12-04,93619.43750817105,90225.03993852521,100577.9278266597,0,0.024902418433448315,0.0,0.0,0,0.0,0.0,0.9932426633212128,1.1521607116951065,1.1453352237002261
2025-12-05,92140.70419795792,90109.25546430543,100206.56851844297,0,-0.015795152690209924,0.0,-0.0,0,0.0,-0.0,0.9775542437956235,1.1521607116951065,1.1453352237002261
2025-12-06,89307.09154512963,89799.19453161731,99831.17577693895,0,-0.03075310393483066,0.0,-0.0,0,0.0,-0.0,0.9474914165342418,1.1521607116951065,1.1453352237002261
2025-12-07,89244.7620814118,89540.86616209641,99487.19877957026,0,-0.00069792289323789,0.0,-0.0,0,0.0,-0.0,0.9468301405834962,1.1521607116951065,1.1453352237002261
2025-12-08,90162.90714007126,89447.1752438716,99147.33685484214,0,0.010287943373325392,0.0,0.0,0,0.0,0.0,0.956571075453977,1.1521607116951065,1.1453352237002261
2025-12-09,90618.0535204608,89337.08995914421,98787.27522810278,0,0.005048044643042093,0.0,0.0,0,0.0,0.0,0.9613998889471115,1.1521607116951065,1.1453352237002261
2025-12-10,92723.21372069632,89405.08672583234,98429.56807265138,0,0.02323113461888915,0.0,0.0,0,0.0,0.0,0.9837342991898269,1.1521607116951065,1.1453352237002261
2025-12-11,92005.13714957412,89672.84495435192,98099.94876309954,0,-0.007744302017887561,0.0,-0.0,0,0.0,-0.0,0.976115963671546,1.1521607116951065,1.1453352237002261
2025-12-12,92494.17691640416,90044.96370369713,97797.4637679968,0,0.005315352837689913,0.0,0.0,0,0.0,0.0,0.981304364428962,1.1521607116951065,1.1453352237002261
2025-12-13,90307.26028567804,90326.19550340716,97402.63860825203,0,-0.02364383038623763,0.0,-0.0,0,0.0,-0.0,0.9581025704791288,1.1521607116951065,1.1453352237002261
2025-12-14,90257.4292885891,90499.87458441683,96987.83110659789,0,-0.0005517939192408727,0.0,-0.0,0,0.0,-0.0,0.9575738953067294,1.1521607116951065,1.1453352237002261
2025-12-15,88230.77409367911,90499.94541874088,96520.04040100877,0,-0.022454164835893686,0.0,-0.0,0,0.0,-0.0,0.9360723732189633,1.1521607116951065,1.1453352237002261
2025-12-16,86413.9190195637,90455.12478974386,95958.79853589831,0,-0.020592079042470512,0.0,-0.0,0,0.0,-0.0,0.9167966969201654,1.1521607116951065,1.1453352237002261
2025-12-17,87821.88919109134,90322.50791031358,95431.5804311588,0,0.016293326208349335,0.0,0.0,0,0.0,0.0,0.9317343645698228,1.1521607116951065,1.1453352237002261
2025-12-18,86064.94716216,90061.80223983337,94893.87240175011,0,-0.020005741679143596,0.0,-0.0,0,0.0,-0.0,0.9130943275586579,1.1521607116951065,1.1453352237002261
2025-12-19,85450.3312009302,89786.79995192439,94401.94564060126,0,-0.007141304113877589,0.0,-0.0,0,0.0,-0.0,0.906573643280905,1.1521607116951065,1.1453352237002261
2025-12-20,88103.86075721023,89649.92036068806,93999.20755000031,0,0.03105347304085293,0.0,0.0,0,0.0,0.0,0.9347259034720764,1.1521607116951065,1.1453352237002261
2025-12-21,88347.94310567998,89547.00329168649,93574.68830098808,0,0.002770393333186183,0.0,0.0,0,0.0,0.0,0.9373154618834119,1.1521607116951065,1.1453352237002261
2025-12-22,88577.42038358838,89661.79955097745,93145.95399730465,0,0.0025974263784942497,0.0,0.0,0,0.0,0.0,0.9397500697890784,1.1521607116951065,1.1453352237002261
2025-12-23,88491.12020788102,89519.1189237964,92702.77221581594,0,-0.0009742909122171239,0.0,-0.0,0,0.0,-0.0,0.9388344798363275,1.1521607116951065,1.1453352237002261
2025-12-24,87406.43636737975,89208.46886675684,92320.47920839842,0,-0.012257544462689118,0.0,-0.0,0,0.0,-0.0,0.9273266744566281,1.1521607116951065,1.1453352237002261
2025-12-25,87642.60888119951,88983.56410091891,92040.62590556793,0,0.0027020036925782254,0.0,0.0,0,0.0,0.0,0.9298323145552362,1.1521607116951065,1.1453352237002261
2025-12-26,87229.78066010943,88879.69855666792,91707.66232557908,0,-0.004710359793712593,0.0,-0.0,0,0.0,-0.0,0.9254524698058605,1.1521607116951065,1.1453352237002261
2025-12-27,87305.95655961394,88782.75828057801,91427.32865087966,0,0.000873278585914683,0.0,0.0,0,0.0,0.0,0.9262606476300238,1.1521607116951065,1.1453352237002261
2025-12-28,87807.003210775,88664.9630841132,91115.54703077665,0,0.0057389744171572055,0.0,0.0,0,0.0,0.0,0.931576433790392,1.1521607116951065,1.1453352237002261
2025-12-29,87822.90829076794,88525.20582262857,90826.20245366097,0,0.0001811368047119899,0.0,0.0,0,0.0,0.0,0.9317451765689538,1.1521607116951065,1.1453352237002261
2025-12-30,87156.56266080117,88246.8732696338,90475.14013454576,0,-0.00758737831546874,0.0,-0.0,0,0.0,-0.0,0.924675673420712,1.1521607116951065,1.1453352237002261
2025-12-31,88414.62856073362,88067.34784019178,90125.25125129608,0,0.01443455158768292,0.0,0.0,0,0.0,0.0,0.9380229521305787,1.1521607116951065,1.1453352237002261
2026-01-01,87520.18048742875,87818.64801874301,89816.43934814453,0,-0.010116516778560625,0.0,-0.0,0,0.0,-0.0,0.9285334271966748,1.1521607116951065,1.1453352237002261
2026-01-02,88727.67004249741,87739.66850658398,89560.55857710376,0,0.013796698639602312,0.0,0.0,0,0.0,0.0,0.9413441230685043,1.1521607116951065,1.1453352237002261
2026-01-03,89926.27924953419,87723.11100463124,89364.47509418202,0,0.0135088547514286,0.0,0.0,0,0.0,0.0,0.9540606040981477,1.1521607116951065,1.1453352237002261
2026-01-04,90593.85443180415,87841.26502153749,89287.22430917104,0,0.007423582826300734,0.0,0.0,0,0.0,0.0,0.9611431520139808,1.1521607116951065,1.1453352237002261
2026-01-05,91373.21588108438,88089.22986461352,89204.52242281489,0,0.00860280704655203,0.0,0.0,0,0.0,0.0,0.969411681094872,1.1521607116951065,1.1453352237002261
2026-01-06,93926.7956485658,88394.47518748725,89194.83174634964,0,0.027946699072129988,0.0,0.0,0,0.0,0.0,0.996503537623438,1.1521607116951065,1.1453352237002261
2026-01-07,93666.86387314304,88774.5710230364,89227.43451372115,0,-0.0027673868104191035,0.0,-0.0,0,0.0,-0.0,0.993745826876883,1.1521607116951065,1.1453352237002261
2026-01-08,91257.15544035909,89064.91223500784,89196.18243822815,0,-0.02572637038480896,0.0,-0.0,0,0.0,-0.0,0.9681803536662901,1.1521607116951065,1.1453352237002261
2026-01-09,90983.51578142623,89208.89498621863,89188.58718611799,1,-0.0029985556487314158,0.0,-0.0,0,0.0,-0.0,0.9652772109978133,1.1521607116951065,1.1453352237002261
2026-01-10,90504.8956034002,89316.74261110465,89265.68564660236,1,-0.00526051531329963,1.0,-0.00526051531329963,1,0.001,-0.00626051531329963,0.9601993554477801,1.1460997526278522,1.1381648349933895
2026-01-11,90442.01907847,89409.97254584872,89373.48998958177,1,-0.000694730649773212,1.0,-0.000694730649773212,0,0.0,-0.000694730649773212,0.9595322755256581,1.1453035220020042,1.1373741169980256
2026-01-12,90819.36598904192,89526.38483490678,89496.22482353303,1,0.004172252172350621,1.0,0.004172252172350621,0,0.0,0.004172252172350621,0.9635356861466606,1.150082017109678,1.142119528628446
2026-01-13,91134.96917951509,89712.81147551355,89583.2472537554,1,0.003475064894322699,1.0,0.003475064894322699,0,0.0,0.003475064894322699,0.966884035184016,1.1540786267529277,1.1460884681075032
2026-01-14,95260.4422971001,90093.70314630857,89723.86895155348,1,0.04526772933294998,1.0,0.04526772933294998,0,0.0,0.04526772933294998,1.0106526799850766,1.2063211456577219,1.197969290673409
2026-01-15,97007.78078881276,90582.60315274374,89917.81793533963,1,0.018342750144525022,1.0,0.018342750144525022,0,0.0,0.018342750144525022,1.0291908295769374,1.2284483930265786,1.2199433420530452
2026-01-16,95584.82797878512,90996.54672370231,90020.0299593214,1,-0.014668439979318992,1.0,-0.014668439979318992,0,0.0,-0.014668439979318992,1.0140942056660225,1.2104289715057774,1.2020486763619702
2026-01-17,95516.07771987125,91382.00044915712,90104.77030228353,1,-0.0007192591164063566,1.0,-0.0007192591164063566,0,0.0,-0.0007192591164063566,1.0133648091637024,1.2095583594332595,1.2011840918931327
2026-01-18,95099.53192554633,91745.83163089602,90187.75340161227,1,-0.00436100187809807,1.0,-0.00436100187809807,0,0.0,-0.00436100187809807,1.0089455233277411,1.2042834731561018,1.1959457258124453
2026-01-19,93752.70577188236,92075.6387864501,90245.97846541117,1,-0.01416227952329352,1.0,-0.01416227952329352,0,0.0,-0.01416227952329352,0.994656554802598,1.1872280739839824,1.1790084081488013
2026-01-20,92558.46334372148,92282.83052559948,90289.02204257138,1,-0.01273821825544641,1.0,-0.01273821825544641,0,0.0,-0.01273821825544641,0.981986402518312,1.172104903658581,1.1639899417207953
2026-01-21,88312.84053255555,92322.46352785581,90329.6489492671,1,-0.04586963371895614,1.0,-0.04586963371895614,0,0.0,-0.04586963371895614,0.9369430459178016,1.1183408810475697,1.1105981494415134
2026-01-22,89354.34377512129,92353.79721448701,90289.84116973949,1,0.011793338729511271,1.0,0.011793338729511271,0,0.0,0.011793338729511271,0.9479927326285703,1.1315298538728238,1.1236958096102454
2026-01-23,89443.39744146909,92329.65312408375,90206.32036840548,1,0.0009966349993226764,1.0,0.0009966349993226764,0,0.0,0.0009966349993226764,0.9489375353650115,1.132657576127972,1.1248157241826953
2026-01-24,89412.39849953113,92270.58032747012,90151.75425443694,1,-0.0003465760785555938,1.0,-0.0003465760785555938,0,0.0,-0.0003465760785555938,0.9486086563152104,1.1322650241068912,1.1244258899599104
2026-01-25,89170.87364531498,92160.46321568164,90149.02989644064,1,-0.0027012456691609676,1.0,-0.0027012456691609676,0,0.0,-0.0027012456691609676,0.9460462312906104,1.12920649811418,1.1213885393943637
2026-01-26,86548.32213469829,91791.53953998825,90095.10109750635,1,-0.029410405028082565,1.0,-0.029410405028082565,0,0.0,-0.029410405028082565,0.9182226284530625,1.0959960776442992,1.0884080482569256
2026-01-27,88307.8612070438,91523.5894066833,90058.0001788458,1,0.020330134992184723,1.0,0.020330134992184723,0,0.0,0.020330134992184723,0.936890218442392,1.1182778258537127,1.1105355308045692
2026-01-28,89204.22239644526,91420.94275448761,90029.7235563655,1,0.01015041217338375,1.0,0.01015041217338375,0,0.0,0.01015041217338375,0.9464000403207937,1.1296288067104834,1.121807924175423
2026-01-29,89162.09701574955,91329.87181620378,89958.50122226657,1,-0.0004722352772550398,1.0,-0.0004722352772550398,0,0.0,-0.0004722352772550398,0.9459531168353587,1.1290953561377512,1.1212781668993232
2026-01-30,84570.40906135936,91033.14748910174,89809.80666050228,1,-0.05149820504534697,1.0,-0.05149820504534697,0,0.0,-0.05149820504534697,0.8972382292612863,1.0709489719716203,1.063534353947471
2026-01-31,84141.77856967277,90718.13546366188,89642.75869356762,1,-0.005068327047769161,1.0,-0.005068327047769161,0,0.0,-0.005068327047769161,0.8926907324756288,1.065521052330196,1.0581440140151275
2026-02-01,78725.85853884545,90113.46009115204,89411.130658631,1,-0.0643665979361574,1.0,-0.0643665979361574,0,0.0,-0.0643665979361574,0.8352312670170362,0.9969370871623469,0.9900348837064641
2026-02-02,76937.06406636834,89403.5648354947,89144.72335418659,1,-0.02272181600400669,1.0,-0.02272181600400669,0,0.0,-0.02272181600400669,0.8162532958470817,0.9742848661002736,0.9675394932413377
2026-02-03,78767.65815345927,88578.92562831266,88955.46103538218,0,0.023793396710742654,1.0,0.023793396710742654,0,0.0,0.023793396710742654,0.8356747343316225,0.9974664124286703,0.9905605442373397
2026-02-04,75638.95670207398,87510.48442397572,88739.96178903239,0,-0.03972063566101958,0.0,-0.0,1,0.001,-0.001,0.8024812026781168,0.9974664124286703,0.9895699836931025
2026-02-05,73172.29203248928,86389.85762666093,88446.96984586034,0,-0.0326110350688783,0.0,-0.0,0,0.0,-0.0,0.7763114600354651,0.9974664124286703,0.9895699836931025
2026-02-06,62853.69038445987,84756.73825989038,87982.74471030635,0,-0.14101788206180332,0.0,-0.0,0,0.0,-0.0,0.6668376621209575,0.9974664124286703,0.9895699836931025
2026-02-07,70523.95417035831,83527.95937213098,87684.2171696949,0,0.12203362664914996,0.0,0.0,0,0.0,0.0,0.7482142804158185,0.9974664124286703,0.9895699836931025
2026-02-08,69296.80677355142,82305.16442221441,87308.07609002173,0,-0.017400433813489546,0.0,-0.0,0,0.0,-0.0,0.7351950273511353,0.9974664124286703,0.9895699836931025
2026-02-09,70542.37329463876,81204.35991976029,86951.9646938009,0,0.01797437110136424,0.0,0.0,0,0.0,0.0,0.7484096956046222,0.9974664124286703,0.9895699836931025
2026-02-10,70096.40692272567,80293.53823926879,86582.34442458366,0,-0.006321964389408796,0.0,-0.0,0,0.0,-0.0,0.7436782761603216,0.9974664124286703,0.9895699836931025
2026-02-11,68779.90981269129,79264.81654114729,86188.12021667985,0,-0.018781235270528107,0.0,-0.0,0,0.0,-0.0,0.7297110794901738,0.9974664124286703,0.9895699836931025
2026-02-12,66937.58141157958,78139.52573965283,85778.74311756383,0,-0.0267858507830111,0.0,-0.0,0,0.0,-0.0,0.7101651474002401,0.9974664124286703,0.9895699836931025
2026-02-13,66184.57765470445,76978.13469741149,85349.58249303394,0,-0.011249342163188292,0.0,-0.0,0,0.0,-0.0,0.7021762566647637,0.9974664124286703,0.9895699836931025
2026-02-14,68838.87490510389,75961.53476040093,84981.76437793384,0,0.040104467603424565,0.0,0.0,0,0.0,0.0,0.7303366616020697,0.9974664124286703,0.9895699836931025
2026-02-15,69765.59638824302,75122.39847307817,84630.95717450642,0,0.01346218229767171,0.0,0.0,0,0.0,0.0,0.7401685868792297,0.9974664124286703,0.9895699836931025
2026-02-16,68716.58337486399,74142.83458146919,84249.14877778821,0,-0.015036250927195072,0.0,-0.0,0,0.0,-0.0,0.7290392262784863,0.9974664124286703,0.9895699836931025
2026-02-17,68907.78353606178,73128.01263844999,83870.84628269408,0,0.0027824456893432714,0.0,0.0,0,0.0,0.0,0.731067738331007,0.9974664124286703,0.9895699836931025
2026-02-18,67489.45540267964,72044.38055779651,83477.50413753165,0,-0.02058298875104403,0.0,-0.0,0,0.0,-0.0,0.7160201792966887,0.9974664124286703,0.9895699836931025
2026-02-19,66456.3537620677,71138.67779283192,83038.33864155832,0,-0.01530760078663973,0.0,-0.0,0,0.0,-0.0,0.7050596282368368,0.9974664124286703,0.9895699836931025
2026-02-20,66918.68417467622,70277.52307308209,82626.30871530328,0,0.006956903086555055,0.0,0.0,0,0.0,0.0,0.709964659740723,0.9974664124286703,0.9895699836931025
2026-02-21,67970.29403133177,69739.74484770642,82211.16119507997,0,0.015714741998072768,0.0,0.0,0,0.0,0.0,0.7211215711962979,0.9974664124286703,0.9895699836931025
2026-02-22,67977.90904199042,69291.78709648752,81772.1937909291,0,0.00011203439336515686,0.0,0.0,0,0.0,0.0,0.7212023616140695,0.9974664124286703,0.9895699836931025
2026-02-23,67585.11718938159,68732.66004828364,81312.01904608063,0,-0.005778227929402857,0.0,-0.0,0,0.0,-0.0,0.7170350899854397,0.9974664124286703,0.9895699836931025
2026-02-24,64577.553200674425,68179.58987321366,80776.10579247243,0,-0.0445003887509674,0.0,-0.0,0,0.0,-0.0,0.6851267497330028,0.9974664124286703,0.9895699836931025
2026-02-25,64074.11098528222,67724.6808208533,80179.05209920678,0,-0.007795932029628916,0.0,-0.0,0,0.0,-0.0,0.6797855481604037,0.9974664124286703,0.9895699836931025
2026-02-26,67947.39185585188,67979.3658944229,79664.66265886095,0,0.06045001344551393,0.0,0.0,0,0.0,0.0,0.7208785936867662,0.9974664124286703,0.9895699836931025
2026-02-27,67469.06040327046,67826.6212060685,79188.90075811917,0,-0.007039732350524686,0.0,-0.0,0,0.0,-0.0,0.7158038013299888,0.9974664124286703,0.9895699836931025
2026-02-28,65883.99096235317,67655.98041550859,78686.9102617377,0,-0.023493278718321298,0.0,-0.0,0,0.0,-0.0,0.6989872231177094,0.9974664124286703,0.9895699836931025
2026-03-01,67008.45435746174,67479.28446864974,78216.98143681894,0,0.01706732361964991,0.0,0.0,0,0.0,0.0,0.7109170642606598,0.9974664124286703,0.9895699836931025
2026-03-02,65713.4989891121,67260.13907196907,77722.4110350318,0,-0.019325253518632346,0.0,-0.0,0,0.0,-0.0,0.6971784117631007,0.9974664124286703,0.9895699836931025
2026-03-03,68864.03691918531,67264.34542729377,77283.30445363466,0,0.04794354247664123,0.0,0.0,0,0.0,0.0,0.7306036145612622,0.9974664124286703,0.9895699836931025
2026-03-04,68321.6178484252,67333.54724913604,76827.03742701285,0,-0.00787666676289478,0.0,-0.0,0,0.0,-0.0,0.7248488933535967,0.9974664124286703,0.9895699836931025
2026-03-05,72669.7701652216,67657.80687466191,76375.22398437528,0,0.06364240856302605,0.0,0.0,0,0.0,0.0,0.7709800227708636,0.9974664124286703,0.9895699836931025
2026-03-06,70874.98687140146,67759.61247297678,75852.56810602706,0,-0.02469779785651638,0.0,-0.0,0,0.0,-0.0,0.7519385140170565,0.9974664124286703,0.9895699836931025
2026-03-07,68148.28339966535,67678.7468235479,75303.83721444466,0,-0.03847201378228904,0.0,-0.0,0,0.0,-0.0,0.7230099251423583,0.9974664124286703,0.9895699836931025
2026-03-08,67271.1907777184,67606.47719369062,74738.9394756016,0,-0.012870355322130655,0.0,-0.0,0,0.0,-0.0,0.713704530504349,0.9974664124286703,0.9895699836931025
2026-03-09,66036.15782362667,67462.89590806887,74157.67199356321,0,-0.01835901728234013,0.0,-0.0,0,0.0,-0.0,0.7006016166943352,0.9974664124286703,0.9895699836931025
2026-03-10,68459.31537095344,67511.38890648255,73651.80418554464,0,0.03669440541647928,0.0,0.0,0,0.0,0.0,0.726309776452758,0.9974664124286703,0.9895699836931025
2026-03-11,70037.11007201439,67690.4267219799,73201.3771201105,0,0.02304718784451043,0.0,0.0,0,0.0,0.0,0.7430491743039691,0.9974664124286703,0.9895699836931025
